-- =============================================
-- Vithisa 49M — Seed Data (Demo)
-- =============================================

-- กลุ่มสาขา (ตัวอย่าง 5 กลุ่ม — ข้อมูลจริงต้องขอจากทีม)
INSERT INTO branch_groups (id, name, provinces) VALUES
('G01', 'กลุ่ม 1', '["TH-10","TH-12","TH-13"]'),
('G02', 'กลุ่ม 2', '["TH-50","TH-51","TH-52","TH-57"]'),
('G03', 'กลุ่ม 3', '["TH-40","TH-41","TH-42","TH-43"]'),
('G04', 'กลุ่ม 4', '["TH-90","TH-91","TH-92","TH-93","TH-94"]'),
('G08', 'กลุ่ม 8', '["TH-76","TH-70","TH-75"]');

-- สาขา (ตัวอย่าง 10 สาขา + พิกัด GPS)
INSERT INTO branches (id, name, group_id, province, province_code, latitude, longitude) VALUES
('B001', 'สาขา 1 กรุงเทพ',       'G01', 'กรุงเทพมหานคร',    'TH-10', 13.7563, 100.5018),
('B002', 'สาขา 2 นนทบุรี',       'G01', 'นนทบุรี',          'TH-12', 13.8621, 100.5144),
('B003', 'สาขา 3 ปทุมธานี',      'G01', 'ปทุมธานี',         'TH-13', 14.0208, 100.5253),
('B004', 'สาขา 4 เชียงใหม่',     'G02', 'เชียงใหม่',        'TH-50', 18.7883, 98.9853),
('B005', 'สาขา 5 ลำพูน',         'G02', 'ลำพูน',            'TH-51', 18.5744, 99.0087),
('B006', 'สาขา 6 ขอนแก่น',       'G03', 'ขอนแก่น',          'TH-40', 16.4322, 102.8236),
('B007', 'สาขา 7 อุดรธานี',      'G03', 'อุดรธานี',         'TH-41', 17.4156, 102.7872),
('B008', 'สาขา 8 สงขลา',         'G04', 'สงขลา',            'TH-90', 7.1898,  100.5954),
('B009', 'สาขา 9 เพชรบุรี',      'G08', 'เพชรบุรี',         'TH-76', 13.1112, 99.9398),
('B010', 'สาขา 10 ราชบุรี',      'G08', 'ราชบุรี',          'TH-70', 13.5283, 99.8134);

-- บันทึกตัวอย่าง (approved) — bulk
INSERT INTO records (type, branch_id, name, minutes, participant_count, minutes_per_person, date, submitted_by, status) VALUES
('bulk', 'B001', 'โรงเรียนสาธิต มศว',         2500, 500, 5,  '2026-04-01', 'ครูสมใจ',   'approved'),
('bulk', 'B001', 'กระทรวงศึกษาธิการ',          5000, 1000, 5, '2026-04-02', 'คุณสมหญิง', 'approved'),
('bulk', 'B002', 'โรงเรียนนนทบุรีวิทยา',       1500, 300, 5,  '2026-04-03', 'ครูสมศรี',  'approved'),
('bulk', 'B003', 'โรงเรียนปทุมธานีพิทยา',      2000, 400, 5,  '2026-04-04', 'ครูวิชัย',  'approved'),
('bulk', 'B004', 'มหาวิทยาลัยเชียงใหม่',       7500, 1500, 5, '2026-04-05', 'อ.สมชาย',   'approved'),
('bulk', 'B005', 'โรงเรียนลำพูนวิทยา',         1000, 200, 5,  '2026-04-06', 'ครูมาลี',   'approved'),
('bulk', 'B006', 'มหาวิทยาลัยขอนแก่น',         6000, 1200, 5, '2026-04-07', 'อ.ประวิทย์', 'approved'),
('bulk', 'B007', 'โรงเรียนอุดรพิทยา',          3000, 600, 5,  '2026-04-08', 'ครูสุนทร',  'approved'),
('bulk', 'B008', 'มหาวิทยาลัยสงขลานครินทร์',   4000, 800, 5,  '2026-04-09', 'อ.จิตรา',   'approved'),
('bulk', 'B009', 'โรงเรียนเพชรบุรีวิทย์',      1800, 360, 5,  '2026-04-10', 'ครูพิชัย',  'approved'),
('bulk', 'B010', 'โรงเรียนราชบุรีนุกูล',       2200, 440, 5,  '2026-04-11', 'ครูนิตยา',  'approved'),
('bulk', 'B001', 'กรมสรรพากร',                  10000, 2000, 5,'2026-04-12', 'คุณสมหมาย', 'approved'),
('bulk', 'B004', 'โรงเรียนเชียงใหม่คริสเตียน',  3500, 700, 5,  '2026-04-13', 'ครูศิริ',   'approved'),
('bulk', 'B006', 'องค์การบริหารส่วนจังหวัดขอนแก่น', 8000, 1600, 5, '2026-04-14', 'คุณวิรัช', 'approved');

-- บันทึกตัวอย่าง (approved) — individual
INSERT INTO records (type, branch_id, name, minutes, date, submitted_by, status) VALUES
('individual', 'B001', 'สมชาย ใจดี',        15, '2026-04-15', 'สมชาย',    'approved'),
('individual', 'B001', 'สมหญิง รักสวย',     30, '2026-04-15', 'สมหญิง',   'approved'),
('individual', 'B002', 'วิชัย มานะ',        20, '2026-04-15', 'วิชัย',    'approved'),
('individual', 'B003', 'มาลี สุขใจ',        15, '2026-04-16', 'มาลี',     'approved'),
('individual', 'B004', 'สุนทร ปฏิบัติ',     30, '2026-04-16', 'สุนทร',    'approved'),
('individual', 'B005', 'จิตรา สว่าง',       15, '2026-04-16', 'จิตรา',    'approved'),
('individual', 'B006', 'ประวิทย์ ตั้งใจ',   30, '2026-04-17', 'ประวิทย์',  'approved'),
('individual', 'B007', 'นิตยา เพียร',       20, '2026-04-17', 'นิตยา',    'approved'),
('individual', 'B008', 'พิชัย สงบ',         15, '2026-04-17', 'พิชัย',    'approved'),
('individual', 'B009', 'ศิริ สุข',          30, '2026-04-18', 'ศิริ',     'approved'),
('individual', 'B010', 'วิรัช มั่นคง',      20, '2026-04-18', 'วิรัช',    'approved'),
('individual', 'B001', 'สมชาย ใจดี',        15, '2026-04-18', 'สมชาย',    'approved'),
('individual', 'B001', 'สมหญิง รักสวย',     30, '2026-04-19', 'สมหญิง',   'approved'),
('individual', 'B004', 'สุนทร ปฏิบัติ',     15, '2026-04-19', 'สุนทร',    'approved'),
('individual', 'B006', 'ประวิทย์ ตั้งใจ',   30, '2026-04-19', 'ประวิทย์',  'approved'),
('individual', 'B008', 'พิชัย สงบ',         15, '2026-04-20', 'พิชัย',    'approved');

-- บันทึกตัวอย่าง (pending) — รอสาขาอนุมัติ
INSERT INTO records (type, branch_id, name, minutes, date, submitted_by, status) VALUES
('individual', 'B001', 'ทดสอบ ระบบ',     30, '2026-04-20', 'ทดสอบ',   'pending'),
('individual', 'B002', 'ใหม่ วันนี้',    15, '2026-04-20', 'ใหม่',    'pending'),
('bulk', 'B006', 'โรงเรียนทดสอบ',       1500, '2026-04-20', 'ครูทดสอบ', 'pending');

-- บันทึกตัวอย่าง (rejected)
INSERT INTO records (type, branch_id, name, minutes, date, submitted_by, status, flags) VALUES
('individual', 'B001', 'ผิดปกติ นามสกุล', 120, '2026-04-20', 'ผิดปกติ', 'rejected', '["daily_limit_reached"]');

-- สรุปรายจังหวัด (pre-computed จาก records ข้างบน)
INSERT INTO province_stats (province_code, province, total_minutes, total_records) VALUES
('TH-10', 'กรุงเทพมหานคร',  17590, 7),
('TH-12', 'นนทบุรี',         1520, 2),
('TH-13', 'ปทุมธานี',        2015, 2),
('TH-50', 'เชียงใหม่',       11045, 4),
('TH-51', 'ลำพูน',           1015, 2),
('TH-40', 'ขอนแก่น',         14060, 4),
('TH-41', 'อุดรธานี',        3020, 2),
('TH-90', 'สงขลา',           4030, 3),
('TH-76', 'เพชรบุรี',        1830, 2),
('TH-70', 'ราชบุรี',         2220, 2);

-- สรุปรายวัน (ตัวอย่างบางวัน)
INSERT INTO daily_stats (date, total_minutes, total_records, total_branches, cumulative_minutes) VALUES
('2026-04-01', 2500,   1, 1, 2500),
('2026-04-02', 5000,   1, 1, 7500),
('2026-04-03', 1500,   1, 1, 9000),
('2026-04-04', 2000,   1, 1, 11000),
('2026-04-05', 7500,   1, 1, 18500),
('2026-04-06', 1000,   1, 1, 19500),
('2026-04-07', 6000,   1, 1, 25500),
('2026-04-08', 3000,   1, 1, 28500),
('2026-04-09', 4000,   1, 1, 32500),
('2026-04-10', 1800,   1, 1, 34300),
('2026-04-11', 2200,   1, 1, 36500),
('2026-04-12', 10000,  1, 1, 46500),
('2026-04-13', 3500,   1, 1, 50000),
('2026-04-14', 8000,   1, 1, 58000),
('2026-04-15', 65,     3, 2, 58065),
('2026-04-16', 60,     3, 3, 58125),
('2026-04-17', 65,     3, 3, 58190),
('2026-04-18', 65,     3, 3, 58255),
('2026-04-19', 75,     3, 3, 58330),
('2026-04-20', 15,     1, 1, 58345);
