-- =============================================
-- Vidhisa 49M — Seed Data (Demo)
-- =============================================
-- หลักการ:
--   ยอดรวม = สถาบันพลังจิตตานุภาพ (รวมจากสาขา) + องค์กรภายนอก
--   รายสาขา = เฉพาะนาทีของสถาบันฯ ที่สาขานั้น
--   องค์กรภายนอก = ลงทะเบียนกับสาขา, นาทีเป็นขององค์กร (ไม่นับเข้ารายสาขา)
-- =============================================

-- Admin กลาง (default password: vidhisa2569 — ต้องเปลี่ยนหลัง deploy)
-- password_hash = bcrypt('vidhisa2569')
INSERT INTO users (username, password_hash, full_name, email, role, status) VALUES
('admin', '$2b$12$AUXoVNCX349/QWTCT/xWlOoPF2rKmQXYNJ3oat5plhNwKRyxxJNwm', 'Admin กลาง', 'admin@vidhisa49m.com', 'central_admin', 'active');

-- กลุ่มสาขาและสาขาทั้งหมดอยู่ใน 02-branches.sql (325 สาขา, 31 กลุ่ม)
-- PostgreSQL init รันตามลำดับ: 01-schema → 02-branches → 03-seed

-- องค์กร
-- สถาบันพลังจิตตานุภาพ — auto-create จาก 04-plj-orgs.sql (1 org ต่อ 1 สาขา = 327 ตัว)
-- รหัส: PLJ-B000, PLJ-B001, PLJ-B002, ...

-- องค์กรภายนอก (ลงทะเบียนกับสาขา — นาทีเป็นขององค์กร ไม่นับเข้ารายสาขา)
INSERT INTO organizations (id, name, org_type, branch_id, province, latitude, longitude, status) VALUES
('ORG001',   'โรงเรียนสาธิต มศว',                     'โรงเรียน',    'B001', 'กรุงเทพมหานคร', 13.7449, 100.5310, 'approved'),
('ORG002',   'กระทรวงศึกษาธิการ',                      'หน่วยงาน',    'B001', 'กรุงเทพมหานคร', 13.7686, 100.5146, 'approved'),
('ORG003',   'โรงเรียนนนทบุรีวิทยา',                   'โรงเรียน',    'B006', 'นนทบุรี',        13.8591, 100.5090, 'approved'),
('ORG004',   'โรงเรียนปทุมธานีพิทยา',                  'โรงเรียน',    'B012', 'ปทุมธานี',       14.0167, 100.5340, 'approved'),
('ORG005',   'มหาวิทยาลัยเชียงใหม่',                   'มหาวิทยาลัย', 'B003', 'เชียงใหม่',      18.8025, 98.9527, 'approved'),
('ORG006',   'โรงเรียนลำพูนวิทยา',                     'โรงเรียน',    'B059', 'ลำพูน',          18.5768, 99.0036, 'approved'),
('ORG007',   'มหาวิทยาลัยขอนแก่น',                     'มหาวิทยาลัย', 'B065', 'ขอนแก่น',        16.4720, 102.8250, 'approved'),
('ORG008',   'โรงเรียนอุดรพิทยา',                      'โรงเรียน',    'B072', 'อุดรธานี',       17.4120, 102.7880, 'approved'),
('ORG009',   'มหาวิทยาลัยสงขลานครินทร์',               'มหาวิทยาลัย', 'B005', 'สงขลา',          7.0074,  100.4971, 'approved'),
('ORG010',   'โรงเรียนเพชรบุรีวิทย์',                  'โรงเรียน',    'B040', 'เพชรบุรี',       13.1135, 99.9410, 'approved'),
('ORG011',   'โรงเรียนราชบุรีนุกูล',                   'โรงเรียน',    'B039', 'ราชบุรี',        13.5342, 99.8178, 'approved'),
('ORG012',   'กรมสรรพากร',                              'หน่วยงาน',    'B001', 'กรุงเทพมหานคร', 13.7233, 100.5594, 'approved'),
('ORG013',   'โรงเรียนเชียงใหม่คริสเตียน',              'โรงเรียน',    'B003', 'เชียงใหม่',      18.7950, 98.9780, 'approved'),
('ORG014',   'องค์การบริหารส่วนจังหวัดขอนแก่น',         'หน่วยงาน',    'B065', 'ขอนแก่น',        16.4320, 102.8360, 'approved');

-- =============================================
-- ผู้เข้าร่วมรายคน (ตัวอย่าง — สมัครก่อนบันทึก)
-- =============================================
INSERT INTO participants (id, branch_id, prefix, first_name, last_name, gender, enrolled_date, privacy_accepted, status) VALUES
(1,  'B001', 'นาย',    'สมชาย',   'ใจดี',      'ชาย',  '2026-04-01', true, 'approved'),
(2,  'B001', 'นางสาว', 'สมหญิง',  'รักสวย',    'หญิง', '2026-04-01', true, 'approved'),
(3,  'B002', 'นาย',    'วิชัย',   'มานะ',      'ชาย',  '2026-04-01', true, 'approved'),
(4,  'B003', 'นางสาว', 'มาลี',    'สุขใจ',     'หญิง', '2026-04-01', true, 'approved'),
(5,  'B004', 'นาย',    'สุนทร',   'ปฏิบัติ',   'ชาย',  '2026-04-01', true, 'approved'),
(6,  'B005', 'นางสาว', 'จิตรา',   'สว่าง',     'หญิง', '2026-04-01', true, 'approved'),
(7,  'B006', 'นาย',    'ประวิทย์', 'ตั้งใจ',    'ชาย',  '2026-04-01', true, 'approved'),
(8,  'B007', 'นางสาว', 'นิตยา',   'เพียร',     'หญิง', '2026-04-01', true, 'approved'),
(9,  'B008', 'นาย',    'พิชัย',   'สงบ',       'ชาย',  '2026-04-01', true, 'approved'),
(10, 'B009', 'นาย',    'ศิริ',    'สุข',       'ชาย',  '2026-04-01', true, 'approved'),
(11, 'B010', 'นาย',    'วิรัช',   'มั่นคง',    'ชาย',  '2026-04-01', true, 'approved'),
(12, 'B001', 'นาย',    'ทดสอบ',   'ระบบ',      'ชาย',  '2026-04-01', true, 'approved'),
(13, 'B002', 'นางสาว', 'ใหม่',    'วันนี้',    'หญิง', '2026-04-01', true, 'approved'),
(14, 'B001', 'นาย',    'ผิดปกติ', 'นามสกุล',   'ชาย',  '2026-04-01', true, 'approved');

SELECT setval('participants_id_seq', 14);

-- =============================================
-- สถาบันพลังจิตตานุภาพ — นาทีของสถาบันฯ เอง
-- =============================================

-- bulk: กิจกรรมรวมของสาขา
INSERT INTO records (type, branch_id, name, org_id, minutes, participant_count, minutes_per_person, date, submitted_by, status) VALUES
('bulk', 'B001', 'สถาบันพลังจิตตานุภาพ',  'PLJ-B001', 15000, 3000, 5, '2026-04-01', 'สาขา 1',   'approved'),
('bulk', 'B002', 'สถาบันพลังจิตตานุภาพ',  'PLJ-B002', 4500,  900,  5, '2026-04-02', 'สาขา 2',   'approved'),
('bulk', 'B003', 'สถาบันพลังจิตตานุภาพ',  'PLJ-B003', 2000,  400,  5, '2026-04-03', 'สาขา 3',   'approved'),
('bulk', 'B004', 'สถาบันพลังจิตตานุภาพ',  'PLJ-B004', 9500,  1900, 5, '2026-04-04', 'สาขา 4',   'approved'),
('bulk', 'B005', 'สถาบันพลังจิตตานุภาพ',  'PLJ-B005', 1000,  200,  5, '2026-04-05', 'สาขา 5',   'approved'),
('bulk', 'B006', 'สถาบันพลังจิตตานุภาพ',  'PLJ-B006', 7000,  1400, 5, '2026-04-06', 'สาขา 6',   'approved'),
('bulk', 'B007', 'สถาบันพลังจิตตานุภาพ',  'PLJ-B007', 3000,  600,  5, '2026-04-07', 'สาขา 7',   'approved'),
('bulk', 'B008', 'สถาบันพลังจิตตานุภาพ',  'PLJ-B008', 3500,  700,  5, '2026-04-08', 'สาขา 8',   'approved'),
('bulk', 'B009', 'สถาบันพลังจิตตานุภาพ',  'PLJ-B009', 1800,  360,  5, '2026-04-09', 'สาขา 9',   'approved'),
('bulk', 'B010', 'สถาบันพลังจิตตานุภาพ',  'PLJ-B010', 2200,  440,  5, '2026-04-10', 'สาขา 10',  'approved');

-- individual: นักศึกษาสถาบันฯ — ต้องมี participant_id (ลงทะเบียนก่อน)
INSERT INTO records (type, branch_id, name, org_id, participant_id, minutes, morning_male, afternoon_male, evening_male, date, submitted_by, status) VALUES
('individual', 'B001', 'สมชาย ใจดี',        'PLJ-B001', 1,  15, 1, 1, 1, '2026-04-15', 'สมชาย',    'approved'),
('individual', 'B001', 'สมหญิง รักสวย',     'PLJ-B001', 2,  10, 1, 1, 0, '2026-04-15', 'สมหญิง',   'approved'),
('individual', 'B002', 'วิชัย มานะ',        'PLJ-B002', 3,   5, 1, 0, 0, '2026-04-15', 'วิชัย',    'approved'),
('individual', 'B003', 'มาลี สุขใจ',        'PLJ-B003', 4,  15, 1, 1, 1, '2026-04-16', 'มาลี',     'approved'),
('individual', 'B004', 'สุนทร ปฏิบัติ',     'PLJ-B004', 5,  10, 1, 1, 0, '2026-04-16', 'สุนทร',    'approved'),
('individual', 'B005', 'จิตรา สว่าง',       'PLJ-B005', 6,   5, 1, 0, 0, '2026-04-16', 'จิตรา',    'approved'),
('individual', 'B006', 'ประวิทย์ ตั้งใจ',   'PLJ-B006', 7,  15, 1, 1, 1, '2026-04-17', 'ประวิทย์',  'approved'),
('individual', 'B007', 'นิตยา เพียร',       'PLJ-B007', 8,  10, 1, 1, 0, '2026-04-17', 'นิตยา',    'approved'),
('individual', 'B008', 'พิชัย สงบ',         'PLJ-B008', 9,   5, 1, 0, 0, '2026-04-17', 'พิชัย',    'approved'),
('individual', 'B009', 'ศิริ สุข',          'PLJ-B009', 10, 15, 1, 1, 1, '2026-04-18', 'ศิริ',     'approved'),
('individual', 'B010', 'วิรัช มั่นคง',      'PLJ-B010', 11, 10, 1, 1, 0, '2026-04-18', 'วิรัช',    'approved'),
('individual', 'B001', 'สมชาย ใจดี',        'PLJ-B001', 1,   5, 1, 0, 0, '2026-04-18', 'สมชาย',    'approved'),
('individual', 'B001', 'สมหญิง รักสวย',     'PLJ-B001', 2,  15, 1, 1, 1, '2026-04-19', 'สมหญิง',   'approved'),
('individual', 'B004', 'สุนทร ปฏิบัติ',     'PLJ-B004', 5,  10, 1, 1, 0, '2026-04-19', 'สุนทร',    'approved'),
('individual', 'B006', 'ประวิทย์ ตั้งใจ',   'PLJ-B006', 7,   5, 1, 0, 0, '2026-04-19', 'ประวิทย์',  'approved'),
('individual', 'B008', 'พิชัย สงบ',         'PLJ-B008', 9,  15, 1, 1, 1, '2026-04-20', 'พิชัย',    'approved');
-- สถาบันฯ individual = 155 นาที

-- =============================================
-- องค์กรภายนอก — ลงทะเบียนกับสาขา นาทีเป็นขององค์กร
-- =============================================
INSERT INTO records (type, branch_id, name, org_id, minutes, participant_count, minutes_per_person, date, submitted_by, status) VALUES
('bulk', 'B001', 'โรงเรียนสาธิต มศว',                   'ORG001', 2500,  500,  5, '2026-04-01', 'ครูสมใจ',    'approved'),
('bulk', 'B001', 'กระทรวงศึกษาธิการ',                    'ORG002', 5000,  1000, 5, '2026-04-02', 'คุณสมหญิง',  'approved'),
('bulk', 'B006', 'โรงเรียนนนทบุรีวิทยา',                 'ORG003', 1500,  300,  5, '2026-04-03', 'ครูสมศรี',   'approved'),
('bulk', 'B012', 'โรงเรียนปทุมธานีพิทยา',                'ORG004', 2000,  400,  5, '2026-04-04', 'ครูวิชัย',   'approved'),
('bulk', 'B003', 'มหาวิทยาลัยเชียงใหม่',                 'ORG005', 7500,  1500, 5, '2026-04-05', 'อ.สมชาย',    'approved'),
('bulk', 'B059', 'โรงเรียนลำพูนวิทยา',                   'ORG006', 1000,  200,  5, '2026-04-06', 'ครูมาลี',    'approved'),
('bulk', 'B065', 'มหาวิทยาลัยขอนแก่น',                   'ORG007', 6000,  1200, 5, '2026-04-07', 'อ.ประวิทย์', 'approved'),
('bulk', 'B072', 'โรงเรียนอุดรพิทยา',                    'ORG008', 3000,  600,  5, '2026-04-08', 'ครูสุนทร',   'approved'),
('bulk', 'B005', 'มหาวิทยาลัยสงขลานครินทร์',             'ORG009', 4000,  800,  5, '2026-04-09', 'อ.จิตรา',    'approved'),
('bulk', 'B040', 'โรงเรียนเพชรบุรีวิทย์',                'ORG010', 1800,  360,  5, '2026-04-10', 'ครูพิชัย',   'approved'),
('bulk', 'B039', 'โรงเรียนราชบุรีนุกูล',                 'ORG011', 2200,  440,  5, '2026-04-11', 'ครูนิตยา',   'approved'),
('bulk', 'B001', 'กรมสรรพากร',                            'ORG012', 10000, 2000, 5, '2026-04-12', 'คุณสมหมาย',  'approved'),
('bulk', 'B003', 'โรงเรียนเชียงใหม่คริสเตียน',            'ORG013', 3500,  700,  5, '2026-04-13', 'ครูศิริ',    'approved'),
('bulk', 'B065', 'องค์การบริหารส่วนจังหวัดขอนแก่น',       'ORG014', 8000,  1600, 5, '2026-04-14', 'คุณวิรัช',   'approved');
-- องค์กรภายนอก รวม = 58,000

-- =============================================
-- Pending / Rejected (ตัวอย่าง — ต้องมี participant_id)
-- =============================================
INSERT INTO records (type, branch_id, name, org_id, participant_id, minutes, morning_male, date, submitted_by, status) VALUES
('individual', 'B001', 'ทดสอบ ระบบ',     'PLJ-B001', 12, 5, 1, '2026-04-20', 'ทดสอบ',   'pending'),
('individual', 'B002', 'ใหม่ วันนี้',    'PLJ-B002', 13, 5, 1, '2026-04-20', 'ใหม่',    'pending');

INSERT INTO records (type, branch_id, name, org_id, minutes, participant_count, minutes_per_person, date, submitted_by, status) VALUES
('bulk', 'B065', 'มหาวิทยาลัยขอนแก่น', 'ORG007', 1500, 300, 5, '2026-04-20', 'ครูทดสอบ', 'pending');

INSERT INTO records (type, branch_id, name, org_id, participant_id, minutes, morning_male, date, submitted_by, status, flags) VALUES
('individual', 'B001', 'ผิดปกติ นามสกุล', 'PLJ-B001', 14, 5, 1, '2026-04-20', 'ผิดปกติ', 'rejected', '["daily_limit_reached"]');

-- =============================================
-- Pre-computed stats (ตัวอย่าง)
-- =============================================
INSERT INTO province_stats (province_code, province, total_minutes, total_records) VALUES
('TH-10', 'กรุงเทพมหานคร',  32590, 7),
('TH-12', 'นนทบุรี',         6020, 3),
('TH-13', 'ปทุมธานี',        4015, 3),
('TH-50', 'เชียงใหม่',       20545, 5),
('TH-51', 'ลำพูน',           2015, 2),
('TH-40', 'ขอนแก่น',         21060, 5),
('TH-41', 'อุดรธานี',        6020, 3),
('TH-90', 'สงขลา',           7530, 4),
('TH-76', 'เพชรบุรี',        3630, 3),
('TH-70', 'ราชบุรี',         4420, 3);

INSERT INTO daily_stats (date, total_minutes, total_records, total_branches, cumulative_minutes) VALUES
('2026-04-01', 17500, 2, 1, 17500),
('2026-04-02', 9500,  2, 2, 27000),
('2026-04-03', 3500,  2, 2, 30500),
('2026-04-04', 11500, 2, 2, 42000),
('2026-04-05', 8500,  2, 2, 50500),
('2026-04-06', 8000,  2, 2, 58500),
('2026-04-07', 9000,  2, 2, 67500),
('2026-04-08', 6500,  2, 2, 74000),
('2026-04-09', 5800,  2, 2, 79800),
('2026-04-10', 4200,  2, 2, 84000),
('2026-04-11', 2200,  1, 1, 86200),
('2026-04-12', 10000, 1, 1, 96200),
('2026-04-13', 3500,  1, 1, 99700),
('2026-04-14', 8000,  1, 1, 107700),
('2026-04-15', 30,    3, 2, 107730),
('2026-04-16', 30,    3, 3, 107760),
('2026-04-17', 30,    3, 3, 107790),
('2026-04-18', 30,    3, 3, 107820),
('2026-04-19', 30,    3, 3, 107850),
('2026-04-20', 15,    1, 1, 107865);
